"TIME","NAME","VALUE"
"2018/1/17 09:52:22","IndexArbETF.SSE50","{
    ""Account"": ""steady_return"",
    ""CostLongETF"": ""0.0013"",
    ""CostShortETF"": ""0.080000"",
    ""EntryBuyStockSellFuture"": ""0.3"",
    ""EntrySellStockBuyFuture"": ""-0.400000"",
    ""ExclusiveETFs"": """",
    ""ExitBuyStockSellFuture"": ""-0.01"",
    ""ExitSellStockBuyFuture"": ""0.22"",
    ""ExposurePercentLimitWhenExit"": ""0.050000"",
    ""FundingRate"": ""0.005000"",
    ""FutureSlippageRatio"": ""0.500000"",
    ""FutureSymbol"": ""IH1711"",
    ""NotionalPercentage"": ""0.95"",
    ""StockSlippage"": ""2"",
    ""max_long_stock_basket_unit"": ""0"",
    ""max_short_stock_basket_unit"": ""2""
}
"
"2018/1/17 09:52:49","IndexArb.SSE50","{
    ""Account"": ""steady_return"",
    ""CostBuyStockSellFuture"": ""0.001600"",
    ""CostLongETF"": ""0.002500"",
    ""CostSellStockBuyFuture"": ""0.030000"",
    ""CostShortETF"": ""0.010000"",
    ""EntryBuyStockSellFuture"": ""0.2"",
    ""EntrySellStockBuyFuture"": ""-0.1"",
    ""ExitBuyStockSellFuture"": ""-0.01"",
    ""ExitSellStockBuyFuture"": ""0.1"",
    ""ExposurePercentLimitWhenExit"": ""0.200000"",
    ""FundingRate"": ""0.005000"",
    ""FutureSlippageRatio"": ""0.500000"",
    ""FutureSymbol"": ""IH1711"",
    ""Intercept"": ""0.000000"",
    ""StockSlippageRatio"": ""0.01"",
    ""StockSlippageTicks"": ""8"",
    ""max_long_stock_basket_unit"": ""1"",
    ""max_short_stock_basket_unit"": ""2"",
    ""stock_no"": ""40""
}
"
"2018/1/17 09:53:15","IndexArb.SH000905","{
    ""Account"": ""steady_return"",
    ""CostBuyStockSellFuture"": ""0.001600"",
    ""CostLongETF"": ""0.015000"",
    ""CostSellStockBuyFuture"": ""0.030000"",
    ""CostShortETF"": ""0.020000"",
    ""EntryBuyStockSellFuture"": ""0.18"",
    ""EntrySellStockBuyFuture"": ""-0.400000"",
    ""ExitBuyStockSellFuture"": ""-0.04"",
    ""ExitSellStockBuyFuture"": ""0.15"",
    ""ExposurePercentLimitWhenExit"": ""0.300000"",
    ""FundingRate"": ""0.005000"",
    ""FutureSlippageRatio"": ""0.500000"",
    ""FutureSymbol"": ""IC1711"",
    ""Intercept"": ""0.000000"",
    ""StockSlippageRatio"": ""0.020000"",
    ""StockSlippageTicks"": ""10"",
    ""max_long_stock_basket_unit"": ""0"",
    ""max_short_stock_basket_unit"": ""2"",
    ""stock_no"": ""150""
}
"
"2018/1/26 10:26:10","IndexArb.SHSZ300","{
    ""Account"": ""steady_return"",
    ""CostBuyStockSellFuture"": ""0.001600"",
    ""CostLongETF"": ""0.010000"",
    ""CostSellStockBuyFuture"": ""0.030000"",
    ""CostShortETF"": ""0.030000"",
    ""EntryBuyStockSellFuture"": ""0.2"",
    ""EntrySellStockBuyFuture"": ""-0.180000"",
    ""ExitBuyStockSellFuture"": ""0.001"",
    ""ExitSellStockBuyFuture"": ""0.050000"",
    ""ExposurePercentLimitWhenExit"": ""0.150000"",
    ""FundingRate"": ""0.005000"",
    ""FutureSlippageRatio"": ""0.500000"",
    ""FutureSymbol"": ""IF1711"",
    ""Intercept"": ""0.000000"",
    ""StockSlippageRatio"": ""0.020000"",
    ""StockSlippageTicks"": ""10"",
    ""max_long_stock_basket_unit"": ""1"",
    ""max_short_stock_basket_unit"": ""2"",
    ""stock_no"": ""200""
}
"
"2018/1/16 13:52:49","SHSFArbMerge.default","{
    ""502000.NotTrade"": ""False"",
    ""502003.NotTrade"": ""False"",
    ""502006.NotTrade"": ""False"",
    ""502010.NotTrade"": ""False"",
    ""502013.NotTrade"": ""False"",
    ""502016.NotTrade"": ""False"",
    ""502020.NotTrade"": ""False"",
    ""502023.NotTrade"": ""False"",
    ""502026.NotTrade"": ""False"",
    ""502030.NotTrade"": ""False"",
    ""502036.NotTrade"": ""False"",
    ""502040.NotTrade"": ""False"",
    ""502048.NotTrade"": ""False"",
    ""502053.NotTrade"": ""False"",
    ""502056.NotTrade"": ""False"",
    ""Account"": ""steady_return"",
    ""MergeThreshold"": ""0.00045""
}
"
"2018/1/16 13:52:53","SHSFArbRedPur.default","{
    ""502000.PositionRatio"": ""0.95"",
    ""502000.TargetPosition"": ""10000"",
    ""502003.PositionRatio"": ""0.95"",
    ""502003.TargetPosition"": ""10000"",
    ""502006.PositionRatio"": ""0.95"",
    ""502006.TargetPosition"": ""10000"",
    ""502010.PositionRatio"": ""0.95"",
    ""502010.TargetPosition"": ""10000"",
    ""502013.PositionRatio"": ""0.95"",
    ""502013.TargetPosition"": ""10000"",
    ""502016.PositionRatio"": ""0.95"",
    ""502016.TargetPosition"": ""20000"",
    ""502020.PositionRatio"": ""0.95"",
    ""502020.TargetPosition"": ""10000"",
    ""502023.PositionRatio"": ""0.95"",
    ""502023.TargetPosition"": ""10000"",
    ""502026.PositionRatio"": ""0.95"",
    ""502026.TargetPosition"": ""10000"",
    ""502030.PositionRatio"": ""0.95"",
    ""502030.TargetPosition"": ""10000"",
    ""502036.PositionRatio"": ""0.95"",
    ""502036.TargetPosition"": ""10000"",
    ""502040.PositionRatio"": ""0.95"",
    ""502040.TargetPosition"": ""10000"",
    ""502048.PositionRatio"": ""0.95"",
    ""502048.TargetPosition"": ""10000"",
    ""502053.PositionRatio"": ""0.95"",
    ""502053.TargetPosition"": ""10000"",
    ""502056.PositionRatio"": ""0.95"",
    ""502056.TargetPosition"": ""10000"",
    ""Account"": ""absolute_return"",
    ""RedemptionThreshold"": ""0.01""
}
"
"2018/1/16 13:52:57","SHSFArbSplit.default","{
    ""502000.NotTrade"": ""False"",
    ""502003.NotTrade"": ""False"",
    ""502006.NotTrade"": ""False"",
    ""502010.NotTrade"": ""False"",
    ""502013.NotTrade"": ""False"",
    ""502016.NotTrade"": ""False"",
    ""502020.NotTrade"": ""False"",
    ""502023.NotTrade"": ""False"",
    ""502026.NotTrade"": ""False"",
    ""502030.NotTrade"": ""False"",
    ""502036.NotTrade"": ""False"",
    ""502040.NotTrade"": ""False"",
    ""502048.NotTrade"": ""False"",
    ""502053.NotTrade"": ""False"",
    ""502056.NotTrade"": ""False"",
    ""Account"": ""steady_return"",
    ""SplitThreshold"": ""0.00049""
}
"
"2018/7/18 14:27:57","CalendarSpread.SU","{
    ""000.LRET_Ticks"": ""0"",
    ""000.LRT_Ticks"": ""0"",
    ""000.SRET_Ticks"": ""0"",
    ""000.SRT_Ticks"": ""0"",
    ""000.Slippage_Ticks"": ""5"",
    ""000.X_Ticks"": ""0"",
    ""000.Y_Ticks"": ""0"",
    ""000.enable"": ""1"",
    ""Account"": ""All_Weather_3"",
    ""IC.BackFuture"": """",
    ""IC.FrontFuture"": """",
    ""IC.LRET_Ticks"": ""0"",
    ""IC.LRT_Ticks"": ""0"",
    ""IC.SRET_Ticks"": ""0"",
    ""IC.SRT_Ticks"": ""0"",
    ""IC.Slippage_Ticks"": ""5"",
    ""IC.X_Ticks"": ""0"",
    ""IC.Y_Ticks"": ""0"",
    ""IC.enable"": ""1"",
    ""IC.tq.steady_return.max_filled"": ""1"",
    ""IC.tq.steady_return.max_open"": ""1"",
    ""IC.tq.steady_return.max_outstanding"": ""1"",
    ""IC.tq.steady_return.qty_per_trade"": ""1"",
    ""IF.BackFuture"": ""IF1808"",
    ""IF.FrontFuture"": ""IF1807"",
    ""IF.LRET_Ticks"": ""0"",
    ""IF.LRT_Ticks"": ""130"",
    ""IF.SRET_Ticks"": ""130"",
    ""IF.SRT_Ticks"": ""0"",
    ""IF.Slippage_Ticks"": ""5"",
    ""IF.X_Ticks"": ""0"",
    ""IF.Y_Ticks"": ""0"",
    ""IF.enable"": ""1"",
    ""IF.tq.steady_return.max_filled"": ""0"",
    ""IF.tq.steady_return.max_open"": ""0"",
    ""IF.tq.steady_return.max_outstanding"": ""0"",
    ""IF.tq.steady_return.qty_per_trade"": ""0"",
    ""IH.BackFuture"": ""IH1807"",
    ""IH.FrontFuture"": """",
    ""IH.LRET_Ticks"": ""0"",
    ""IH.LRT_Ticks"": ""90"",
    ""IH.SRET_Ticks"": ""90"",
    ""IH.SRT_Ticks"": ""0"",
    ""IH.Slippage_Ticks"": ""5"",
    ""IH.X_Ticks"": ""0"",
    ""IH.Y_Ticks"": ""0"",
    ""IH.enable"": ""1"",
    ""IH.tq.steady_return.max_filled"": ""0"",
    ""IH.tq.steady_return.max_open"": ""0"",
    ""IH.tq.steady_return.max_outstanding"": ""1"",
    ""IH.tq.steady_return.qty_per_trade"": ""0"",
}
"
"2018/1/16 09:31:45","PutCallParity.SSE50","{
    ""000.longCloseThreshold"": ""0.001800"",
    ""000.longYieldThreshold"": ""0.200000"",
    ""000.shortCloseThreshold"": ""0.001500"",
    ""000.shortYieldThreshold"": ""0.200000"",
    ""510050.longCloseThreshold"": ""0.001800"",
    ""510050.longYieldThreshold"": ""0.25"",
    ""510050.shortCloseThreshold"": ""0.001500"",
    ""510050.shortYieldThreshold"": ""0.35"",
    ""Account"": ""absolute_return"",
    ""option_slippage"": ""5"",
    ""qty_per_trade"": ""5"",
    ""tq.steady_return.2018-01-24.max_open_per_parity"": ""50"",
    ""tq.steady_return.2018-02-28.max_open_per_parity"": ""1"",
    ""tq.steady_return.2018-03-28.max_open_per_parity"": ""50"",
    ""tq.steady_return.2018-06-27.max_open_per_parity"": ""50"",
    ""trade_adjusted"": ""2"",
    ""undl_slippage"": ""2""
}
"
"2018/1/30 14:21:35","MarketMaking1.SSE50","{
    ""Account"": ""steady_return"",
    ""CloseMargin100"": ""0.0008;0.0015;0.0025;0.0045"",
    ""CloseMargin25"": ""0.0004;0.0008;0.0013;0.0022"",
    ""CloseMargin50"": ""0.0005;0.0010;0.0016;0.0026"",
    ""CloseMargin75"": ""0.0006;0.0012;0.0019;0.0035"",
    ""OpenMargin100"": ""0.0040;0.0050;0.0065;0.0080"",
    ""OpenMargin25"": ""0.0020;0.0025;0.0032;0.0042"",
    ""OpenMargin50"": ""0.0025;0.0030;0.0042;0.0060"",
    ""OpenMargin75"": ""0.0032;0.0040;0.0055;0.0070"",
    ""WaitCloseMargin100"": ""0.0008;0.0015;0.0025;0.0045"",
    ""WaitCloseMargin25"": ""0.0004;0.0008;0.0013;0.0022"",
    ""WaitCloseMargin50"": ""0.0005;0.0010;0.0016;0.0026"",
    ""WaitCloseMargin75"": ""0.0006;0.0012;0.0019;0.0035"",
    ""WaitOpenMargin100"": ""0.0040;0.0050;0.0065;0.0080"",
    ""WaitOpenMargin25"": ""0.0020;0.0025;0.0032;0.0042"",
    ""WaitOpenMargin50"": ""0.0025;0.0030;0.0042;0.0060"",
    ""WaitOpenMargin75"": ""0.0032;0.0040;0.0055;0.0070"",
    ""buy_qty_per_trade"": ""2"",
    ""sell_qty_per_trade"": ""2"",
    ""tq.steady_return.2018-02-28.max_open_per_contract"": ""160"",
    ""tq.steady_return.2018-03-28.max_open_per_contract"": ""160"",
    ""tq.steady_return.2018-06-27.max_open_per_contract"": ""160"",
    ""tq.steady_return.2018-09-26.max_open_per_contract"": ""10"",
    ""trade_adjusted"": ""2""
}
"
"2018/7/27 10:52:21","CalendarMA.SU","{
 ""zn.openL"": ""5"",
 ""i.openL"": ""5"",
 ""zn.tq.steady_return.max_open"": ""18"",
 ""FG.tq.steady_return.qty_per_trade"": ""10"",
 ""cu.var_window_size"": ""1500"",
 ""y.mean_window_size"": ""1500"",
 ""hc.tq.steady_return.max_open"": ""18"",
 ""SR.profit_tick_num"": ""5"",
 ""y.enable"": ""0"",
 ""cs.closeL"": ""2.5"",
 ""TA.openL"": ""5"",
 ""MA.profit_tick_num"": ""5"",
 ""l.var_window_size"": ""1500"",
 ""CF.var_window_size"": ""3000"",
 ""p.slippage"": ""5"",
 ""al.tq.steady_return.max_open"": ""18"",
 ""jd.mean_window_size"": ""1500"",
 ""000.profit_tick_num"": ""5"",
 ""a.openL"": ""5"",
 ""TA.tq.steady_return.qty_per_trade"": ""5"",
 ""jm.closeL"": ""3.5"",
 ""a.enable"": ""0"",
 ""l.tq.steady_return.qty_per_trade"": ""5"",
 ""ZC.profit_tick_num"": ""5"",
 ""v.enable"": ""0"",
 ""T.tq.steady_return.max_open"": ""18"",
 ""OI.tq.steady_return.qty_per_trade"": ""5"",
 ""hc.closeL"": ""2.5"",
 ""v.tq.steady_return.qty_per_trade"": ""5"",
 ""FG.var_window_size"": ""1500"",
 ""TA.BackFuture"": ""TA901"",
 ""zn.closeL"": ""2.5"",
 ""a.slippage"": ""5"",
 ""ag.tq.steady_return.max_outstanding"": ""1"",
 ""l.openL"": ""5"",
 ""p.enable"": ""0"",
 ""RM.var_window_size"": ""1500"",
 ""T.slippage"": ""5"",
 ""p.FrontFuture"": ""p1901"",
 ""cu.openL"": ""5"",
 ""FG.enable"": ""0"",
 ""zn.profit_tick_num"": ""5"",
 ""i.FrontFuture"": ""i1809"",
 ""l.tq.steady_return.max_outstanding"": ""1"",
 ""m.FrontFuture"": ""m1901"",
 ""ru.slippage"": ""5"",
 ""ZC.openL"": ""5"",
 ""y.closeL"": ""2.5"",
 ""ru.enable"": ""0"",
 ""bu.BackFuture"": ""bu1912"",
 ""y.profit_tick_num"": ""5"",
 ""c.tq.steady_return.max_outstanding"": ""1"",
 ""ni.FrontFuture"": ""ni1809"",
 ""a.FrontFuture"": ""a1809"",
 ""bu.tq.steady_return.max_outstanding"": ""1"",
 ""al.var_window_size"": ""1500"",
 ""hc.slippage"": ""5"",
 ""al.tq.steady_return.max_outstanding"": ""1"",
 ""CF.tq.steady_return.qty_per_trade"": ""5"",
 ""rb.slippage"": ""5"",
 ""i.slippage"": ""5"",
 ""ni.BackFuture"": ""ni1811"",
 ""TF.TickBuffer"": ""1"",
 ""au.closeL"": ""2"",
 ""000.slippage"": ""5"",
 ""jm.FrontFuture"": ""jm1809"",
 ""pp.FrontFuture"": ""pp1809"",
 ""SR.tq.steady_return.max_open"": ""18"",
 ""a.TickBuffer"": ""1"",
 ""SR.TickBuffer"": ""1"",
 ""SR.FrontFuture"": ""SR809"",
 ""hc.profit_tick_num"": ""5"",
 ""T.tq.steady_return.max_outstanding"": ""1"",
 ""MA.var_window_size"": ""1500"",
 ""pp.TickBuffer"": ""1"",
 ""ni.mean_window_size"": ""1500"",
 ""T.tq.steady_return.qty_per_trade"": ""5"",
 ""RM.tq.steady_return.qty_per_trade"": ""8"",
 ""a.tq.steady_return.qty_per_trade"": ""5"",
 ""p.openL"": ""5"",
 ""l.slippage"": ""5"",
 ""OI.slippage"": ""5"",
 ""OI.profit_tick_num"": ""5"",
 ""m.var_window_size"": ""1500"",
 ""bu.TickBuffer"": ""1"",
 ""rb.profit_tick_num"": ""5"",
 ""al.slippage"": ""5"",
 ""c.enable"": ""0"",
 ""cu.FrontFuture"": ""cu1809"",
 ""CF.enable"": ""0"",
 ""ni.closeL"": ""2.5"",
 ""l.TickBuffer"": ""1"",
 ""T.mean_window_size"": ""1500"",
 ""cu.closeL"": ""2.5"",
 ""al.openL"": ""5"",
 ""cu.tq.steady_return.qty_per_trade"": ""2"",
 ""hc.var_window_size"": ""1500"",
 ""FG.TickBuffer"": ""1"",
 ""i.mean_window_size"": ""1500"",
 ""CF.profit_tick_num"": ""5"",
 ""m.mean_window_size"": ""1500"",
 ""al.mean_window_size"": ""1500"",
 ""v.slippage"": ""5"",
 ""zn.tq.steady_return.qty_per_trade"": ""5"",
 ""m.enable"": ""0"",
 ""OI.tq.steady_return.max_open"": ""18"",
 ""m.tq.steady_return.max_open"": ""30"",
 ""ni.profit_tick_num"": ""5"",
 ""pp.var_window_size"": ""1500"",
 ""cs.tq.steady_return.max_outstanding"": ""1"",
 ""m.closeL"": ""2.5"",
 ""ru.BackFuture"": ""ru1901"",
 ""MA.slippage"": ""5"",
 ""ni.tq.steady_return.max_open"": ""18"",
 ""hc.TickBuffer"": ""1"",
 ""c.openL"": ""5"",
 ""bu.FrontFuture"": ""bu1812"",
 ""CF.FrontFuture"": ""CF901"",
 ""ZC.closeL"": ""2.5"",
 ""j.tq.steady_return.max_open"": ""8"",
 ""j.openL"": ""6"",
 ""TF.slippage"": ""5"",
 ""j.var_window_size"": ""3000"",
 ""au.profit_tick_num"": ""5"",
 ""TA.tq.steady_return.max_open"": ""18"",
 ""pp.tq.steady_return.qty_per_trade"": ""5"",
 ""au.FrontFuture"": ""au1812"",
 ""p.BackFuture"": ""p1905"",
 ""ni.openL"": ""5"",
 ""ni.tq.steady_return.max_outstanding"": ""1"",
 ""TA.enable"": ""0"",
 ""ru.mean_window_size"": ""1500"",
 ""jm.enable"": ""0"",
 ""au.slippage"": ""5"",
 ""c.slippage"": ""5"",
 ""j.tq.steady_return.qty_per_trade"": ""2"",
 ""RM.BackFuture"": ""RM903"",
 ""OI.FrontFuture"": ""OI901"",
 ""FG.closeL"": ""2.5"",
 ""ZC.FrontFuture"": ""ZC809"",
 ""ZC.tq.steady_return.max_outstanding"": ""1"",
 ""ag.mean_window_size"": ""1500"",
 ""MA.tq.steady_return.qty_per_trade"": ""10"",
 ""cu.tq.steady_return.max_open"": ""8"",
 ""pp.tq.steady_return.max_outstanding"": ""1"",
 ""cu.enable"": ""0"",
 ""y.tq.steady_return.qty_per_trade"": ""5"",
 ""jd.tq.steady_return.max_outstanding"": ""1"",
 ""pp.profit_tick_num"": ""5"",
 ""jd.slippage"": ""5"",
 ""jm.BackFuture"": ""jm1901"",
 ""cu.profit_tick_num"": ""5"",
 ""p.profit_tick_num"": ""5"",
 ""MA.closeL"": ""2.5"",
 ""p.tq.steady_return.qty_per_trade"": ""5"",
 ""p.tq.steady_return.max_outstanding"": ""1"",
 ""al.TickBuffer"": ""1"",
 ""bu.mean_window_size"": ""1500"",
 ""RM.TickBuffer"": ""1"",
 ""jm.tq.steady_return.max_outstanding"": ""1"",
 ""jd.BackFuture"": ""jd1901"",
 ""jd.var_window_size"": ""1500"",
 ""ni.tq.steady_return.qty_per_trade"": ""5"",
 ""au.openL"": ""5"",
 ""m.TickBuffer"": ""1"",
 ""RM.closeL"": ""2.5"",
 ""TF.BackFuture"": ""TF1812"",
 ""pp.slippage"": ""5"",
 ""MA.mean_window_size"": ""1500"",
 ""au.mean_window_size"": ""1500"",
 ""RM.FrontFuture"": ""RM901"",
 ""l.closeL"": ""2.5"",
 ""c.tq.steady_return.qty_per_trade"": ""10"",
 ""p.mean_window_size"": ""1500"",
 ""ag.tq.steady_return.qty_per_trade"": ""5"",
 ""y.TickBuffer"": ""1"",
 ""SR.tq.steady_return.qty_per_trade"": ""5"",
 ""c.tq.steady_return.max_open"": ""36"",
 ""zn.BackFuture"": ""zn1810"",
 ""jd.closeL"": ""2.5"",
 ""c.profit_tick_num"": ""5"",
 ""ZC.enable"": ""0"",
 ""au.var_window_size"": ""1500"",
 ""rb.tq.steady_return.max_open"": ""36"",
 ""RM.openL"": ""5"",
 ""ZC.TickBuffer"": ""1"",
 ""jd.tq.steady_return.qty_per_trade"": ""5"",
 ""jm.TickBuffer"": ""1"",
 ""000.TickBuffer"": ""1"",
 ""hc.enable"": ""0"",
 ""SR.closeL"": ""2.5"",
 ""OI.mean_window_size"": ""1500"",
 ""a.profit_tick_num"": ""5"",
 ""jd.TickBuffer"": ""1"",
 ""cu.mean_window_size"": ""1500"",
 ""a.var_window_size"": ""1500"",
 ""T.TickBuffer"": ""1"",
 ""rb.FrontFuture"": ""rb1810"",
 ""cs.slippage"": ""5"",
 ""pp.openL"": ""5"",
 ""ZC.tq.steady_return.max_open"": ""18"",
 ""hc.BackFuture"": ""hc1901"",
 ""m.BackFuture"": ""m1905"",
 ""SR.slippage"": ""5"",
 ""m.tq.steady_return.qty_per_trade"": ""8"",
 ""hc.tq.steady_return.qty_per_trade"": ""5"",
 ""a.mean_window_size"": ""1500"",
 ""v.var_window_size"": ""1500"",
 ""cs.mean_window_size"": ""1500"",
 ""hc.openL"": ""5"",
 ""cu.TickBuffer"": ""1"",
 ""v.FrontFuture"": ""v1809"",
 ""ru.closeL"": ""2.5"",
 ""au.TickBuffer"": ""1"",
 ""i.TickBuffer"": ""1"",
 ""cu.slippage"": ""5"",
 ""OI.TickBuffer"": ""1"",
 ""T.profit_tick_num"": ""5"",
 ""zn.var_window_size"": ""1500"",
 ""ru.FrontFuture"": ""ru1809"",
 ""RM.enable"": ""0"",
 ""j.profit_tick_num"": ""5"",
 ""rb.openL"": ""5"",
 ""pp.mean_window_size"": ""1500"",
 ""MA.tq.steady_return.max_outstanding"": ""1"",
 ""au.enable"": ""0"",
 ""CF.tq.steady_return.max_open"": ""18"",
 ""RM.mean_window_size"": ""1500"",
 ""jm.tq.steady_return.max_open"": ""18"",
 ""ru.tq.steady_return.qty_per_trade"": ""3"",
 ""MA.BackFuture"": ""MA901"",
 ""ni.var_window_size"": ""1500"",
 ""OI.enable"": ""0"",
 ""zn.tq.steady_return.max_outstanding"": ""1"",
 ""cs.profit_tick_num"": ""5"",
 ""bu.slippage"": ""5"",
 ""TF.enable"": ""0"",
 ""y.FrontFuture"": ""y1901"",
 ""jm.tq.steady_return.qty_per_trade"": ""5"",
 ""SR.var_window_size"": ""1500"",
 ""i.BackFuture"": ""i1901"",
 ""m.tq.steady_return.max_outstanding"": ""1"",
 ""v.TickBuffer"": ""1"",
 ""al.enable"": ""0"",
 ""ZC.slippage"": ""5"",
 ""T.closeL"": ""2"",
 ""TA.slippage"": ""5"",
 ""zn.enable"": ""0"",
 ""jd.openL"": ""5"",
 ""p.closeL"": ""2.5"",
 ""y.slippage"": ""5"",
 ""y.openL"": ""5"",
 ""jd.profit_tick_num"": ""5"",
 ""T.openL"": ""5"",
 ""MA.FrontFuture"": ""MA809"",
 ""l.profit_tick_num"": ""5"",
 ""TA.mean_window_size"": ""1500"",
 ""jm.openL"": ""5.5"",
 ""TF.closeL"": ""2.5"",
 ""ag.closeL"": ""2"",
 ""bu.profit_tick_num"": ""5"",
 ""ru.TickBuffer"": ""1"",
 ""cs.enable"": ""0"",
 ""ru.profit_tick_num"": ""5"",
 ""v.tq.steady_return.max_outstanding"": ""1"",
 ""l.mean_window_size"": ""1500"",
 ""RM.profit_tick_num"": ""5"",
 ""p.TickBuffer"": ""1"",
 ""al.profit_tick_num"": ""5"",
 ""OI.var_window_size"": ""1500"",
 ""MA.enable"": ""0"",
 ""T.var_window_size"": ""1500"",
 ""cs.var_window_size"": ""1500"",
 ""OI.openL"": ""5"",
 ""T.BackFuture"": ""T1812"",
 ""i.profit_tick_num"": ""5"",
 ""y.tq.steady_return.max_open"": ""18"",
 ""ZC.tq.steady_return.qty_per_trade"": ""5"",
 ""T.enable"": ""0"",
 ""m.slippage"": ""5"",
 ""l.enable"": ""0"",
 ""TF.openL"": ""5"",
 ""zn.FrontFuture"": ""zn1809"",
 ""p.tq.steady_return.max_open"": ""18"",
 ""y.var_window_size"": ""1500"",
 ""FG.tq.steady_return.max_open"": ""36"",
 ""ru.var_window_size"": ""1500"",
 ""cs.openL"": ""5"",
 ""ru.tq.steady_return.max_open"": ""11"",
 ""jm.var_window_size"": ""1500"",
 ""a.closeL"": ""2.5"",
 ""FG.profit_tick_num"": ""5"",
 ""TF.tq.steady_return.max_outstanding"": ""1"",
 ""a.BackFuture"": ""a1901"",
 ""OI.closeL"": ""2.5"",
 ""a.tq.steady_return.max_open"": ""18"",
 ""al.BackFuture"": ""al1810"",
 ""c.TickBuffer"": ""1"",
 ""au.BackFuture"": ""au1904"",
 ""ru.openL"": ""5"",
 ""i.enable"": ""0"",
 ""cs.TickBuffer"": ""1"",
 ""j.tq.steady_return.max_outstanding"": ""1"",
 ""SR.openL"": ""5"",
 ""cs.BackFuture"": ""cs1901"",
 ""TA.FrontFuture"": ""TA809"",
 ""OI.BackFuture"": ""OI905"",
 ""au.tq.steady_return.max_outstanding"": ""1"",
 ""zn.mean_window_size"": ""1500"",
 ""TA.closeL"": ""2.5"",
 ""ag.TickBuffer"": ""2"",
 ""c.closeL"": ""2.5"",
 ""ag.FrontFuture"": ""ag1812"",
 ""RM.tq.steady_return.max_open"": ""30"",
 ""cs.tq.steady_return.qty_per_trade"": ""8"",
 ""ag.enable"": ""0"",
 ""T.FrontFuture"": ""T1809"",
 ""bu.tq.steady_return.qty_per_trade"": ""10"",
 ""RM.tq.steady_return.max_outstanding"": ""1"",
 ""TF.profit_tick_num"": ""5"",
 ""jd.FrontFuture"": ""jd1809"",
 ""c.var_window_size"": ""1500"",
 ""ni.TickBuffer"": ""1"",
 ""au.tq.steady_return.qty_per_trade"": ""3"",
 ""TA.tq.steady_return.max_outstanding"": ""1"",
 ""l.BackFuture"": ""l1901"",
 ""pp.enable"": ""0"",
 ""OI.tq.steady_return.max_outstanding"": ""1"",
 ""rb.TickBuffer"": ""1"",
 ""CF.openL"": ""5"",
 ""rb.tq.steady_return.qty_per_trade"": ""10"",
 ""FG.mean_window_size"": ""1500"",
 ""bu.tq.steady_return.max_open"": ""18"",
 ""v.mean_window_size"": ""1500"",
 ""SR.tq.steady_return.max_outstanding"": ""1"",
 ""j.mean_window_size"": ""1500"",
 ""j.FrontFuture"": ""j1809"",
 ""ag.slippage"": ""5"",
 ""pp.closeL"": ""2.5"",
 ""FG.BackFuture"": ""FG901"",
 ""TF.mean_window_size"": ""1500"",
 ""CF.TickBuffer"": ""1"",
 ""v.profit_tick_num"": ""5"",
 ""zn.TickBuffer"": ""1"",
 ""jm.slippage"": ""5"",
 ""v.closeL"": ""2.5"",
 ""rb.BackFuture"": ""rb1901"",
 ""ZC.BackFuture"": ""ZC901"",
 ""al.tq.steady_return.qty_per_trade"": ""5"",
 ""bu.closeL"": ""2.5"",
 ""ag.var_window_size"": ""1500"",
 ""p.var_window_size"": ""1500"",
 ""pp.tq.steady_return.max_open"": ""18"",
 ""TF.var_window_size"": ""1500"",
 ""al.closeL"": ""2.5"",
 ""j.closeL"": ""4"",
 ""jm.mean_window_size"": ""1500"",
 ""bu.openL"": ""5"",
 ""v.BackFuture"": ""v1901"",
 ""cu.BackFuture"": ""cu1810"",
 ""000.enable"": ""1"",
 ""v.tq.steady_return.max_open"": ""18"",
 ""zn.slippage"": ""5"",
 ""i.tq.steady_return.max_outstanding"": ""1"",
 ""rb.mean_window_size"": ""1500"",
 ""hc.mean_window_size"": ""1500"",
 ""rb.tq.steady_return.max_outstanding"": ""1"",
 ""ag.BackFuture"": ""ag1904"",
 ""ru.tq.steady_return.max_outstanding"": ""1"",
 ""i.closeL"": ""2.5"",
 ""j.slippage"": ""5"",
 ""m.openL"": ""5"",
 ""i.tq.steady_return.qty_per_trade"": ""8"",
 ""FG.openL"": ""5"",
 ""j.TickBuffer"": ""1"",
 ""RM.slippage"": ""5"",
 ""cu.tq.steady_return.max_outstanding"": ""1"",
 ""c.BackFuture"": ""c1905"",
 ""au.tq.steady_return.max_open"": ""11"",
 ""i.var_window_size"": ""1500"",
 ""000.var_window_size"": ""1500"",
 ""al.FrontFuture"": ""al1809"",
 ""hc.FrontFuture"": ""hc1810"",
 ""MA.TickBuffer"": ""1"",
 ""TF.tq.steady_return.qty_per_trade"": ""5"",
 ""000.closeL"": ""2.5"",
 ""FG.slippage"": ""5"",
 ""l.tq.steady_return.max_open"": ""18"",
 ""rb.closeL"": ""2.5"",
 ""jd.tq.steady_return.max_open"": ""18"",
 ""ag.profit_tick_num"": ""5"",
 ""bu.var_window_size"": ""1500"",
 ""CF.mean_window_size"": ""1500"",
 ""y.BackFuture"": ""y1905"",
 ""000.mean_window_size"": ""1500"",
 ""SR.enable"": ""0"",
 ""TA.profit_tick_num"": ""5"",
 ""TF.tq.steady_return.max_open"": ""18"",
 ""c.mean_window_size"": ""1500"",
 ""ZC.mean_window_size"": ""1500"",
 ""FG.tq.steady_return.max_outstanding"": ""1"",
 ""rb.enable"": ""0"",
 ""SR.BackFuture"": ""SR901"",
 ""cs.tq.steady_return.max_open"": ""30"",
 ""ZC.var_window_size"": ""1500"",
 ""j.BackFuture"": ""j1901"",
 ""SR.mean_window_size"": ""1500"",
 ""pp.BackFuture"": ""pp1901"",
 ""MA.openL"": ""5"",
 ""l.FrontFuture"": ""l1809"",
 ""FG.FrontFuture"": ""FG809"",
 ""y.tq.steady_return.max_outstanding"": ""1"",
 ""cs.FrontFuture"": ""cs1809"",
 ""i.tq.steady_return.max_open"": ""30"",
 ""CF.BackFuture"": ""CF903"",
 ""rb.var_window_size"": ""1500"",
 ""TA.var_window_size"": ""1500"",
 ""m.profit_tick_num"": ""5"",
 ""TA.TickBuffer"": ""1"",
 ""TF.FrontFuture"": ""TF1809"",
 ""c.FrontFuture"": ""c1901"",
 ""jm.profit_tick_num"": ""5"",
 ""ag.openL"": ""5"",
 ""bu.enable"": ""0"",
 ""000.openL"": ""5"",
 ""MA.tq.steady_return.max_open"": ""36"",
 ""v.openL"": ""5"",
 ""hc.tq.steady_return.max_outstanding"": ""1"",
 ""CF.tq.steady_return.max_outstanding"": ""1"",
 ""ni.slippage"": ""5"",
 ""j.enable"": ""0"",
 ""CF.slippage"": ""5"",
 ""CF.closeL"": ""2.5"",
 ""jd.enable"": ""0"",
 ""ni.enable"": ""0"",
 ""ag.tq.steady_return.max_open"": ""18"",
 ""a.tq.steady_return.max_outstanding"": ""1""
 }
 "
"2018/7/27 08:35:05","CalendarMA.Transfer","{
 ""zn.openL"": 100,
 ""i.openL"": 100,
 ""wr.closeL"": 1,
 ""fu.TickBuffer"": 1,
 ""b.closeL"": 1,
 ""zn.tq.steady_return.max_open"": 0,
 ""FG.tq.steady_return.qty_per_trade"": 5,
 ""jd.TickBuffer"": 1,
 ""cu.var_window_size"": 5,
 ""y.mean_window_size"": 1500,
 ""CY.FrontFuture"": """",
 ""hc.tq.steady_return.max_open"": 0,
 ""JR.BackFuture"": """",
 ""SR.profit_tick_num"": 5,
 ""RS.tq.steady_return.qty_per_trade"": 5,
 ""ZC.tq.steady_return.max_outstanding"": 1,
 ""y.enable"": 0,
 ""cs.closeL"": 1,
 ""TA.openL"": 100,
 ""WH.tq.steady_return.qty_per_trade"": 5,
 ""AP.var_window_size"": 5,
 ""WH.var_window_size"": 5,
 ""IC.FrontFuture"": """",
 ""l.var_window_size"": 5,
 ""sc.closeL"": 1,
 ""p.slippage"": 5,
 ""al.tq.steady_return.max_open"": 0,
 ""jd.mean_window_size"": 1500,
 ""000.profit_tick_num"": ""0"",
 ""a.openL"": 100,
 ""sn.TickBuffer"": 1,
 ""TA.tq.steady_return.qty_per_trade"": 5,
 ""AP.closeL"": 1,
 ""jm.closeL"": 1,
 ""a.enable"": 0,
 ""l.tq.steady_return.qty_per_trade"": 5,
 ""b.openL"": 100,
 ""ZC.profit_tick_num"": 5,
 ""pp.mean_window_size"": 1500,
 ""SM.tq.steady_return.max_outstanding"": 1,
 ""cu.tq.steady_return.qty_per_trade"": 5,
 ""bb.FrontFuture"": """",
 ""T.tq.steady_return.max_open"": 0,
 ""bb.openL"": 100,
 ""OI.tq.steady_return.qty_per_trade"": 5,
 ""hc.closeL"": 1,
 ""pb.openL"": 100,
 ""v.tq.steady_return.qty_per_trade"": 5,
 ""sc.profit_tick_num"": 5,
 ""FG.var_window_size"": 5,
 ""TA.BackFuture"": """",
 ""a.slippage"": 5,
 ""ag.tq.steady_return.max_outstanding"": 1,
 ""IF.slippage"": 5,
 ""l.openL"": 100,
 ""MA.tq.steady_return.qty_per_trade"": 5,
 ""p.enable"": 0,
 ""RM.var_window_size"": 5,
 ""T.slippage"": 5,
 ""IF.tq.steady_return.qty_per_trade"": 5,
 ""p.FrontFuture"": """",
 ""cu.openL"": 100,
 ""FG.enable"": 0,
 ""zn.profit_tick_num"": 5,
 ""i.FrontFuture"": """",
 ""SM.tq.steady_return.qty_per_trade"": 5,
 ""l.tq.steady_return.max_outstanding"": 1,
 ""m.FrontFuture"": """",
 ""ru.slippage"": 5,
 ""PM.profit_tick_num"": 5,
 ""ZC.openL"": 100,
 ""y.closeL"": 1,
 ""RS.slippage"": 5,
 ""b.slippage"": 5,
 ""SM.FrontFuture"": """",
 ""ru.enable"": 0,
 ""bu.BackFuture"": """",
 ""c.tq.steady_return.max_outstanding"": 1,
 ""ni.FrontFuture"": """",
 ""cu.enable"": 0,
 ""FG.profit_tick_num"": 5,
 ""bu.tq.steady_return.max_outstanding"": 1,
 ""al.var_window_size"": 5,
 ""hc.slippage"": 5,
 ""al.tq.steady_return.max_outstanding"": 1,
 ""LR.TickBuffer"": 1,
 ""CF.tq.steady_return.qty_per_trade"": 5,
 ""rb.slippage"": 5,
 ""i.slippage"": 5,
 ""ni.BackFuture"": """",
 ""TF.tq.steady_return.qty_per_trade"": 5,
 ""RI.enable"": 0,
 ""000.slippage"": ""0"",
 ""IH.FrontFuture"": """",
 ""pp.FrontFuture"": """",
 ""SR.tq.steady_return.max_open"": 0,
 ""v.enable"": 0,
 ""JR.closeL"": 1,
 ""v.tq.steady_return.max_outstanding"": 1,
 ""SR.FrontFuture"": """",
 ""SF.closeL"": 1,
 ""jd.tq.steady_return.max_outstanding"": 1,
 ""cs.profit_tick_num"": 5,
 ""hc.profit_tick_num"": 5,
 ""RI.slippage"": 5,
 ""T.tq.steady_return.max_outstanding"": 1,
 ""RI.mean_window_size"": 1500,
 ""MA.var_window_size"": 5,
 ""pp.TickBuffer"": 1,
 ""SF.profit_tick_num"": 5,
 ""ni.mean_window_size"": 1500,
 ""T.tq.steady_return.qty_per_trade"": 5,
 ""CY.closeL"": 1,
 ""RI.var_window_size"": 5,
 ""RM.tq.steady_return.qty_per_trade"": 5,
 ""LR.openL"": 100,
 ""IH.mean_window_size"": 1500,
 ""p.openL"": 100,
 ""l.slippage"": 5,
 ""OI.slippage"": 5,
 ""OI.profit_tick_num"": 5,
 ""m.var_window_size"": 5,
 ""bu.TickBuffer"": 1,
 ""JR.openL"": 100,
 ""CF.enable"": 0,
 ""pb.closeL"": 1,
 ""IC.TickBuffer"": 1,
 ""c.enable"": 0,
 ""cu.FrontFuture"": """",
 ""al.slippage"": 5,
 ""jm.BackFuture"": """",
 ""sn.BackFuture"": """",
 ""l.TickBuffer"": 1,
 ""sn.mean_window_size"": 1500,
 ""cu.closeL"": 1,
 ""pp.BackFuture"": """",
 ""al.openL"": 100,
 ""IC.BackFuture"": """",
 ""hc.var_window_size"": 5,
 ""IC.openL"": 100,
 ""MA.mean_window_size"": 1500,
 ""RM.enable"": 0,
 ""CF.var_window_size"": 5,
 ""m.mean_window_size"": 1500,
 ""al.mean_window_size"": 1500,
 ""v.slippage"": 5,
 ""SF.tq.steady_return.max_open"": 0,
 ""bb.closeL"": 1,
 ""LR.closeL"": 1,
 ""zn.tq.steady_return.qty_per_trade"": 5,
 ""LR.FrontFuture"": """",
 ""IF.closeL"": 1,
 ""OI.tq.steady_return.max_open"": 0,
 ""m.tq.steady_return.max_open"": 0,
 ""ni.profit_tick_num"": 5,
 ""CY.tq.steady_return.max_open"": 0,
 ""cs.tq.steady_return.max_outstanding"": 1,
 ""SF.tq.steady_return.max_outstanding"": 1,
 ""m.closeL"": 1,
 ""MA.slippage"": 5,
 ""hc.TickBuffer"": 1,
 ""CF.FrontFuture"": """",
 ""fb.profit_tick_num"": 5,
 ""ZC.closeL"": 1,
 ""ZC.slippage"": 5,
 ""sn.slippage"": 5,
 ""SM.openL"": 100,
 ""j.openL"": 100,
 ""TF.slippage"": 5,
 ""bb.slippage"": 5,
 ""j.var_window_size"": 5,
 ""au.profit_tick_num"": 5,
 ""wr.tq.steady_return.max_open"": 0,
 ""rb.BackFuture"": """",
 ""RS.tq.steady_return.max_outstanding"": 1,
 ""TA.tq.steady_return.max_open"": 0,
 ""IC.slippage"": 5,
 ""pp.tq.steady_return.qty_per_trade"": 5,
 ""au.FrontFuture"": """",
 ""p.BackFuture"": """",
 ""wr.tq.steady_return.max_outstanding"": 1,
 ""ni.openL"": 100,
 ""sc.FrontFuture"": """",
 ""bb.mean_window_size"": 1500,
 ""ni.tq.steady_return.max_outstanding"": 1,
 ""TA.enable"": 0,
 ""sc.tq.steady_return.max_open"": 0,
 ""jm.enable"": 0,
 ""CY.var_window_size"": 5,
 ""au.slippage"": 5,
 ""c.slippage"": 5,
 ""j.tq.steady_return.qty_per_trade"": 5,
 ""PM.FrontFuture"": """",
 ""RM.BackFuture"": """",
 ""OI.FrontFuture"": """",
 ""fb.tq.steady_return.max_open"": 0,
 ""wr.TickBuffer"": 1,
 ""FG.closeL"": 1,
 ""ZC.FrontFuture"": """",
 ""RS.tq.steady_return.max_open"": 0,
 ""ag.mean_window_size"": 1500,
 ""au.tq.steady_return.max_open"": 0,
 ""AP.enable"": 0,
 ""pb.tq.steady_return.qty_per_trade"": 5,
 ""fu.var_window_size"": 5,
 ""pp.tq.steady_return.max_outstanding"": 1,
 ""wr.profit_tick_num"": 5,
 ""T.mean_window_size"": 1500,
 ""y.tq.steady_return.qty_per_trade"": 5,
 ""WH.openL"": 100,
 ""rb.profit_tick_num"": 5,
 ""fu.closeL"": 1,
 ""jd.var_window_size"": 5,
 ""PM.openL"": 100,
 ""b.tq.steady_return.max_outstanding"": 1,
 ""SF.enable"": 0,
 ""m.TickBuffer"": 1,
 ""fb.var_window_size"": 5,
 ""bb.profit_tick_num"": 5,
 ""jd.slippage"": 5,
 ""ni.closeL"": 1,
 ""p.profit_tick_num"": 5,
 ""MA.closeL"": 1,
 ""p.tq.steady_return.qty_per_trade"": 5,
 ""p.tq.steady_return.max_outstanding"": 1,
 ""al.TickBuffer"": 1,
 ""pb.tq.steady_return.max_open"": 0,
 ""bu.mean_window_size"": 1500,
 ""RM.TickBuffer"": 1,
 ""jm.tq.steady_return.max_outstanding"": 1,
 ""fb.closeL"": 1,
 ""sn.openL"": 100,
 ""TF.profit_tick_num"": 5,
 ""IC.closeL"": 1,
 ""ni.tq.steady_return.qty_per_trade"": 5,
 ""CY.tq.steady_return.qty_per_trade"": 5,
 ""au.openL"": 100,
 ""WH.slippage"": 5,
 ""SM.profit_tick_num"": 5,
 ""IF.enable"": 0,
 ""SF.mean_window_size"": 1500,
 ""JR.FrontFuture"": """",
 ""RM.closeL"": 1,
 ""RI.BackFuture"": """",
 ""AP.FrontFuture"": """",
 ""TF.BackFuture"": """",
 ""sc.var_window_size"": 5,
 ""bu.var_window_size"": 5,
 ""b.BackFuture"": """",
 ""CY.openL"": 100,
 ""FG.TickBuffer"": 1,
 ""IF.tq.steady_return.max_open"": 0,
 ""au.mean_window_size"": 1500,
 ""wr.enable"": 0,
 ""sn.var_window_size"": 5,
 ""RM.FrontFuture"": """",
 ""l.closeL"": 1,
 ""c.tq.steady_return.qty_per_trade"": 5,
 ""SF.openL"": 100,
 ""p.mean_window_size"": 1500,
 ""ag.tq.steady_return.qty_per_trade"": 5,
 ""y.TickBuffer"": 1,
 ""c.var_window_size"": 5,
 ""IH.closeL"": 1,
 ""RI.FrontFuture"": """",
 ""c.tq.steady_return.max_open"": 0,
 ""zn.BackFuture"": """",
 ""jd.closeL"": 1,
 ""c.profit_tick_num"": 5,
 ""JR.tq.steady_return.max_outstanding"": 1,
 ""au.var_window_size"": 5,
 ""i.profit_tick_num"": 5,
 ""IF.profit_tick_num"": 5,
 ""rb.tq.steady_return.max_open"": 0,
 ""RM.openL"": 100,
 ""ZC.TickBuffer"": 1,
 ""SF.tq.steady_return.qty_per_trade"": 5,
 ""ag.closeL"": 1,
 ""PM.mean_window_size"": 1500,
 ""jd.tq.steady_return.qty_per_trade"": 5,
 ""fb.mean_window_size"": 1500,
 ""jm.TickBuffer"": 1,
 ""000.TickBuffer"": ""0"",
 ""hc.enable"": 0,
 ""SR.closeL"": 1,
 ""OI.mean_window_size"": 1500,
 ""IH.profit_tick_num"": 5,
 ""IF.tq.steady_return.max_outstanding"": 1,
 ""a.profit_tick_num"": 5,
 ""JR.enable"": 0,
 ""cu.mean_window_size"": 1500,
 ""a.var_window_size"": 5,
 ""LR.tq.steady_return.max_outstanding"": 1,
 ""T.TickBuffer"": 1,
 ""rb.FrontFuture"": """",
 ""pb.enable"": 0,
 ""pp.openL"": 100,
 ""IC.profit_tick_num"": 5,
 ""ZC.tq.steady_return.max_open"": 0,
 ""hc.BackFuture"": """",
 ""m.BackFuture"": """",
 ""sn.tq.steady_return.max_open"": 0,
 ""fb.openL"": 100,
 ""RI.tq.steady_return.max_open"": 0,
 ""SR.slippage"": 5,
 ""b.mean_window_size"": 1500,
 ""m.tq.steady_return.qty_per_trade"": 5,
 ""hc.tq.steady_return.qty_per_trade"": 5,
 ""FG.slippage"": 5,
 ""CY.BackFuture"": """",
 ""cs.mean_window_size"": 1500,
 ""pp.profit_tick_num"": 5,
 ""TA.profit_tick_num"": 5,
 ""RS.FrontFuture"": """",
 ""v.FrontFuture"": """",
 ""bb.tq.steady_return.max_outstanding"": 1,
 ""SM.mean_window_size"": 1500,
 ""AP.BackFuture"": """",
 ""hc.tq.steady_return.max_outstanding"": 1,
 ""i.TickBuffer"": 1,
 ""cu.slippage"": 5,
 ""sc.mean_window_size"": 1500,
 ""OI.TickBuffer"": 1,
 ""T.profit_tick_num"": 5,
 ""zn.var_window_size"": 5,
 ""ru.FrontFuture"": """",
 ""fu.profit_tick_num"": 5,
 ""LR.profit_tick_num"": 5,
 ""cs.enable"": 0,
 ""j.profit_tick_num"": 5,
 ""sc.enable"": 0,
 ""AP.tq.steady_return.max_outstanding"": 1,
 ""rb.openL"": 100,
 ""IF.openL"": 100,
 ""LR.BackFuture"": """",
 ""MA.tq.steady_return.max_outstanding"": 1,
 ""au.enable"": 0,
 ""CF.tq.steady_return.max_open"": 0,
 ""RM.mean_window_size"": 1500,
 ""sn.tq.steady_return.max_outstanding"": 1,
 ""jm.tq.steady_return.max_open"": 0,
 ""ru.tq.steady_return.qty_per_trade"": 5,
 ""fu.mean_window_size"": 1500,
 ""MA.BackFuture"": """",
 ""OI.enable"": 0,
 ""zn.tq.steady_return.max_outstanding"": 1,
 ""WH.profit_tick_num"": 5,
 ""rb.enable"": 0,
 ""IF.FrontFuture"": """",
 ""b.tq.steady_return.max_open"": 0,
 ""MA.profit_tick_num"": 5,
 ""IF.BackFuture"": """",
 ""bu.slippage"": 5,
 ""TF.enable"": 0,
 ""y.FrontFuture"": """",
 ""jm.tq.steady_return.qty_per_trade"": 5,
 ""OI.tq.steady_return.max_outstanding"": 1,
 ""i.BackFuture"": """",
 ""m.tq.steady_return.max_outstanding"": 1,
 ""pp.slippage"": 5,
 ""SR.tq.steady_return.qty_per_trade"": 5,
 ""wr.var_window_size"": 5,
 ""v.TickBuffer"": 1,
 ""al.enable"": 0,
 ""CY.tq.steady_return.max_outstanding"": 1,
 ""SM.slippage"": 5,
 ""T.closeL"": 1,
 ""TA.slippage"": 5,
 ""sn.profit_tick_num"": 5,
 ""zn.enable"": 0,
 ""b.var_window_size"": 5,
 ""jd.openL"": 100,
 ""WH.FrontFuture"": """",
 ""p.closeL"": 1,
 ""RI.TickBuffer"": 1,
 ""y.slippage"": 5,
 ""y.openL"": 100,
 ""jd.profit_tick_num"": 5,
 ""T.openL"": 100,
 ""MA.FrontFuture"": """",
 ""sc.tq.steady_return.max_outstanding"": 1,
 ""l.profit_tick_num"": 5,
 ""TA.mean_window_size"": 1500,
 ""jm.openL"": 100,
 ""sc.tq.steady_return.qty_per_trade"": 5,
 ""TF.closeL"": 1,
 ""IC.enable"": 0,
 ""AP.TickBuffer"": 1,
 ""SM.enable"": 0,
 ""fb.tq.steady_return.qty_per_trade"": 5,
 ""bu.profit_tick_num"": 5,
 ""bb.tq.steady_return.qty_per_trade"": 5,
 ""fb.FrontFuture"": """",
 ""ru.TickBuffer"": 1,
 ""IF.mean_window_size"": 1500,
 ""ru.profit_tick_num"": 5,
 ""b.profit_tick_num"": 5,
 ""PM.closeL"": 1,
 ""l.mean_window_size"": 1500,
 ""RM.profit_tick_num"": 5,
 ""a.FrontFuture"": """",
 ""p.TickBuffer"": 1,
 ""al.profit_tick_num"": 5,
 ""ZC.enable"": 0,
 ""IH.enable"": 0,
 ""OI.var_window_size"": 5,
 ""MA.enable"": 0,
 ""IC.tq.steady_return.max_outstanding"": 1,
 ""JR.tq.steady_return.qty_per_trade"": 5,
 ""sc.openL"": 100,
 ""pp.var_window_size"": 5,
 ""fu.tq.steady_return.max_open"": 0,
 ""T.var_window_size"": 5,
 ""fu.openL"": 100,
 ""cs.var_window_size"": 5,
 ""ni.var_window_size"": 5,
 ""OI.openL"": 100,
 ""RI.tq.steady_return.max_outstanding"": 1,
 ""bb.var_window_size"": 5,
 ""SM.tq.steady_return.max_open"": 0,
 ""T.BackFuture"": """",
 ""y.tq.steady_return.max_open"": 0,
 ""fu.tq.steady_return.qty_per_trade"": 5,
 ""ZC.tq.steady_return.qty_per_trade"": 5,
 ""sc.BackFuture"": """",
 ""IC.var_window_size"": 5,
 ""JR.tq.steady_return.max_open"": 0,
 ""m.slippage"": 5,
 ""PM.tq.steady_return.max_outstanding"": 1,
 ""l.enable"": 0,
 ""TF.openL"": 100,
 ""ni.tq.steady_return.max_open"": 0,
 ""PM.slippage"": 5,
 ""WH.BackFuture"": """",
 ""IH.tq.steady_return.max_open"": 0,
 ""p.tq.steady_return.max_open"": 0,
 ""y.var_window_size"": 5,
 ""FG.tq.steady_return.max_open"": 0,
 ""ru.var_window_size"": 5,
 ""JR.slippage"": 5,
 ""JR.profit_tick_num"": 5,
 ""cs.openL"": 100,
 ""c.openL"": 100,
 ""bu.FrontFuture"": """",
 ""pb.TickBuffer"": 1,
 ""jm.var_window_size"": 5,
 ""bb.tq.steady_return.max_open"": 0,
 ""LR.enable"": 0,
 ""a.closeL"": 1,
 ""FG.tq.steady_return.max_outstanding"": 1,
 ""wr.tq.steady_return.qty_per_trade"": 5,
 ""TF.tq.steady_return.max_outstanding"": 1,
 ""a.BackFuture"": """",
 ""RI.tq.steady_return.qty_per_trade"": 5,
 ""SM.TickBuffer"": 1,
 ""SF.slippage"": 5,
 ""a.tq.steady_return.max_open"": 0,
 ""cu.TickBuffer"": 1,
 ""fb.BackFuture"": """",
 ""al.BackFuture"": """",
 ""c.TickBuffer"": 1,
 ""IF.var_window_size"": 5,
 ""SF.BackFuture"": """",
 ""au.BackFuture"": """",
 ""sn.enable"": 0,
 ""ru.openL"": 100,
 ""bb.BackFuture"": """",
 ""i.enable"": 0,
 ""wr.slippage"": 5,
 ""cs.TickBuffer"": 1,
 ""IH.openL"": 100,
 ""LR.var_window_size"": 5,
 ""j.tq.steady_return.max_outstanding"": 1,
 ""SR.openL"": 100,
 ""cs.BackFuture"": """",
 ""hc.mean_window_size"": 1500,
 ""TA.FrontFuture"": """",
 ""RS.enable"": 0,
 ""OI.BackFuture"": """",
 ""AP.profit_tick_num"": 5,
 ""RI.openL"": 100,
 ""sn.tq.steady_return.qty_per_trade"": 5,
 ""au.tq.steady_return.max_outstanding"": 1,
 ""PM.enable"": 0,
 ""zn.mean_window_size"": 1500,
 ""TA.closeL"": 1,
 ""ag.TickBuffer"": 1,
 ""c.closeL"": 1,
 ""SF.TickBuffer"": 1,
 ""ag.FrontFuture"": """",
 ""jm.FrontFuture"": """",
 ""CY.mean_window_size"": 1500,
 ""RM.tq.steady_return.max_open"": 0,
 ""cs.slippage"": 5,
 ""cu.profit_tick_num"": 5,
 ""cs.tq.steady_return.qty_per_trade"": 5,
 ""ag.enable"": 0,
 ""T.FrontFuture"": """",
 ""bu.tq.steady_return.qty_per_trade"": 5,
 ""RM.tq.steady_return.max_outstanding"": 1,
 ""jd.BackFuture"": """",
 ""RS.var_window_size"": 5,
 ""jd.FrontFuture"": """",
 ""RI.profit_tick_num"": 5,
 ""IC.tq.steady_return.max_open"": 0,
 ""ni.TickBuffer"": 1,
 ""JR.var_window_size"": 5,
 ""IH.BackFuture"": """",
 ""au.tq.steady_return.qty_per_trade"": 5,
 ""T.enable"": 0,
 ""sc.TickBuffer"": 1,
 ""cu.tq.steady_return.max_open"": 0,
 ""TA.tq.steady_return.max_outstanding"": 1,
 ""WH.closeL"": 1,
 ""l.BackFuture"": """",
 ""fu.slippage"": 5,
 ""pp.enable"": 0,
 ""y.profit_tick_num"": 5,
 ""rb.TickBuffer"": 1,
 ""wr.BackFuture"": """",
 ""IH.tq.steady_return.max_outstanding"": 1,
 ""CF.openL"": 100,
 ""zn.closeL"": 1,
 ""sc.slippage"": 5,
 ""wr.mean_window_size"": 1500,
 ""CY.TickBuffer"": 1,
 ""WH.mean_window_size"": 1500,
 ""bu.tq.steady_return.max_open"": 0,
 ""v.mean_window_size"": 1500,
 ""b.FrontFuture"": """",
 ""CY.profit_tick_num"": 5,
 ""pb.BackFuture"": """",
 ""SR.tq.steady_return.max_outstanding"": 1,
 ""j.mean_window_size"": 1500,
 ""j.FrontFuture"": """",
 ""ag.slippage"": 5,
 ""fb.tq.steady_return.max_outstanding"": 1,
 ""IH.var_window_size"": 5,
 ""pp.closeL"": 1,
 ""wr.FrontFuture"": """",
 ""FG.BackFuture"": """",
 ""TF.mean_window_size"": 1500,
 ""CF.TickBuffer"": 1,
 ""v.profit_tick_num"": 5,
 ""PM.var_window_size"": 5,
 ""OI.closeL"": 1,
 ""zn.TickBuffer"": 1,
 ""jm.slippage"": 5,
 ""v.closeL"": 1,
 ""j.tq.steady_return.max_open"": 0,
 ""fu.FrontFuture"": """",
 ""LR.slippage"": 5,
 ""ZC.BackFuture"": """",
 ""rb.var_window_size"": 5,
 ""al.tq.steady_return.qty_per_trade"": 5,
 ""bu.closeL"": 1,
 ""ag.var_window_size"": 5,
 ""p.var_window_size"": 5,
 ""IC.tq.steady_return.qty_per_trade"": 5,
 ""RS.TickBuffer"": 1,
 ""pp.tq.steady_return.max_open"": 0,
 ""PM.BackFuture"": """",
 ""SM.var_window_size"": 5,
 ""zn.FrontFuture"": """",
 ""TF.var_window_size"": 5,
 ""sn.closeL"": 1,
 ""b.enable"": 0,
 ""al.closeL"": 1,
 ""j.closeL"": 1,
 ""jm.mean_window_size"": 1500,
 ""bu.openL"": 100,
 ""FG.mean_window_size"": 1500,
 ""v.BackFuture"": """",
 ""RI.closeL"": 1,
 ""bu.enable"": 0,
 ""cu.BackFuture"": """",
 ""000.enable"": ""0"",
 ""v.tq.steady_return.max_open"": 0,
 ""CY.enable"": 0,
 ""zn.slippage"": 5,
 ""i.tq.steady_return.max_outstanding"": 1,
 ""000.openL"": ""0"",
 ""rb.mean_window_size"": 1500,
 ""pb.FrontFuture"": """",
 ""PM.TickBuffer"": 1,
 ""fu.BackFuture"": """",
 ""pb.slippage"": 5,
 ""rb.tq.steady_return.max_outstanding"": 1,
 ""ag.BackFuture"": """",
 ""ru.tq.steady_return.max_outstanding"": 1,
 ""i.closeL"": 1,
 ""j.slippage"": 5,
 ""m.openL"": 100,
 ""i.tq.steady_return.qty_per_trade"": 5,
 ""IF.TickBuffer"": 1,
 ""FG.openL"": 100,
 ""LR.tq.steady_return.max_open"": 0,
 ""j.TickBuffer"": 1,
 ""RM.slippage"": 5,
 ""cu.tq.steady_return.max_outstanding"": 1,
 ""c.BackFuture"": """",
 ""a.tq.steady_return.qty_per_trade"": 5,
 ""fu.tq.steady_return.max_outstanding"": 1,
 ""i.var_window_size"": 5,
 ""WH.tq.steady_return.max_outstanding"": 1,
 ""000.var_window_size"": ""0"",
 ""al.FrontFuture"": """",
 ""hc.FrontFuture"": """",
 ""CF.profit_tick_num"": 5,
 ""fb.slippage"": 5,
 ""pb.profit_tick_num"": 5,
 ""MA.TickBuffer"": 1,
 ""TF.TickBuffer"": 1,
 ""au.closeL"": 1,
 ""000.closeL"": ""0"",
 ""pb.var_window_size"": 5,
 ""a.mean_window_size"": 1500,
 ""l.tq.steady_return.max_open"": 0,
 ""pb.tq.steady_return.max_outstanding"": 1,
 ""AP.tq.steady_return.max_open"": 0,
 ""v.var_window_size"": 5,
 ""RS.mean_window_size"": 1500,
 ""SF.FrontFuture"": """",
 ""rb.closeL"": 1,
 ""IH.TickBuffer"": 1,
 ""jd.tq.steady_return.max_open"": 0,
 ""ag.profit_tick_num"": 5,
 ""b.tq.steady_return.qty_per_trade"": 5,
 ""WH.enable"": 0,
 ""CF.mean_window_size"": 1500,
 ""CF.slippage"": 5,
 ""y.BackFuture"": """",
 ""000.mean_window_size"": ""0"",
 ""WH.TickBuffer"": 1,
 ""SR.enable"": 0,
 ""rb.tq.steady_return.qty_per_trade"": 5,
 ""IH.tq.steady_return.qty_per_trade"": 5,
 ""TF.tq.steady_return.max_open"": 0,
 ""c.mean_window_size"": 1500,
 ""ZC.mean_window_size"": 1500,
 ""bb.TickBuffer"": 1,
 ""hc.openL"": 100,
 ""SF.var_window_size"": 5,
 ""IC.mean_window_size"": 1500,
 ""PM.tq.steady_return.qty_per_trade"": 5,
 ""b.TickBuffer"": 1,
 ""a.TickBuffer"": 1,
 ""PM.tq.steady_return.max_open"": 0,
 ""ru.mean_window_size"": 1500,
 ""SR.BackFuture"": """",
 ""cs.tq.steady_return.max_open"": 0,
 ""LR.mean_window_size"": 1500,
 ""ru.tq.steady_return.max_open"": 0,
 ""ZC.var_window_size"": 5,
 ""SR.TickBuffer"": 1,
 ""AP.mean_window_size"": 1500,
 ""m.enable"": 0,
 ""j.BackFuture"": """",
 ""SR.mean_window_size"": 1500,
 ""RS.openL"": 100,
 ""AP.openL"": 100,
 ""bb.enable"": 0,
 ""SM.BackFuture"": """",
 ""MA.openL"": 100,
 ""m.profit_tick_num"": 5,
 ""l.FrontFuture"": """",
 ""FG.FrontFuture"": """",
 ""JR.TickBuffer"": 1,
 ""y.tq.steady_return.max_outstanding"": 1,
 ""fb.TickBuffer"": 1,
 ""fb.enable"": 0,
 ""cs.FrontFuture"": """",
 ""i.tq.steady_return.max_open"": 0,
 ""CF.BackFuture"": """",
 ""TA.var_window_size"": 5,
 ""fu.enable"": 0,
 ""RS.BackFuture"": """",
 ""ni.enable"": 0,
 ""CY.slippage"": 5,
 ""TA.TickBuffer"": 1,
 ""RS.closeL"": 1,
 ""TF.FrontFuture"": """",
 ""c.FrontFuture"": """",
 ""jm.profit_tick_num"": 5,
 ""ag.openL"": 100,
 ""IH.slippage"": 5,
 ""ru.closeL"": 1,
 ""SM.closeL"": 1,
 ""ru.BackFuture"": """",
 ""MA.tq.steady_return.max_open"": 0,
 ""v.openL"": 100,
 ""au.TickBuffer"": 1,
 ""CF.tq.steady_return.max_outstanding"": 1,
 ""AP.tq.steady_return.qty_per_trade"": 5,
 ""JR.mean_window_size"": 1500,
 ""LR.tq.steady_return.qty_per_trade"": 5,
 ""RS.profit_tick_num"": 5,
 ""ni.slippage"": 5,
 ""j.enable"": 0,
 ""WH.tq.steady_return.max_open"": 0,
 ""CF.closeL"": 1,
 ""pb.mean_window_size"": 1500,
 ""wr.openL"": 100,
 ""jd.enable"": 0,
 ""AP.slippage"": 5,
 ""ag.tq.steady_return.max_open"": 0,
 ""i.mean_window_size"": 1500,
 ""sn.FrontFuture"": """",
 ""SR.var_window_size"": 5,
 ""a.tq.steady_return.max_outstanding"": 1
 }
"
"2018/7/30 14:42:59","CloseLockedPosition.SU","{
    ""Account"": ""steady_return"",
    ""CF.Future"": ""CF901"",
    ""CF.enable"": ""1"",
    ""CF.tq.steady_return.max_close"": ""1"",
    ""CF.tq.steady_return.qty_per_trade"": ""1"",
    ""FG.Future"": ""FG809"",
    ""FG.enable"": ""1"",
    ""FG.tq.steady_return.max_close"": ""1"",
    ""FG.tq.steady_return.qty_per_trade"": ""1"",
    ""MA.Future"": ""MA809"",
    ""MA.enable"": ""1"",
    ""MA.tq.steady_return.max_close"": ""1"",
    ""MA.tq.steady_return.qty_per_trade"": ""1"",
    ""OI.Future"": ""OI901"",
    ""OI.enable"": ""1"",
    ""OI.tq.steady_return.max_close"": ""1"",
    ""OI.tq.steady_return.qty_per_trade"": ""1"",
    ""RM.Future"": ""RM901"",
    ""RM.enable"": ""1"",
    ""RM.tq.steady_return.max_close"": ""1"",
    ""RM.tq.steady_return.qty_per_trade"": ""1"",
    ""SR.Future"": ""SR809"",
    ""SR.enable"": ""1"",
    ""SR.tq.steady_return.max_close"": ""1"",
    ""SR.tq.steady_return.qty_per_trade"": ""1"",
    ""T.Future"": ""T1809"",
    ""T.enable"": ""1"",
    ""T.tq.steady_return.max_close"": ""1"",
    ""T.tq.steady_return.qty_per_trade"": ""1"",
    ""TA.Future"": ""TA809"",
    ""TA.enable"": ""1"",
    ""TA.tq.steady_return.max_close"": ""1"",
    ""TA.tq.steady_return.qty_per_trade"": ""1"",
    ""TF.Future"": ""TF1809"",
    ""TF.enable"": ""1"",
    ""TF.tq.steady_return.max_close"": ""1"",
    ""TF.tq.steady_return.qty_per_trade"": ""1"",
    ""ZC.Future"": ""ZC809"",
    ""ZC.enable"": ""1"",
    ""ZC.tq.steady_return.max_close"": ""1"",
    ""ZC.tq.steady_return.qty_per_trade"": ""1"",
    ""a.Future"": ""a1809"",
    ""a.enable"": ""1"",
    ""a.tq.steady_return.max_close"": ""1"",
    ""a.tq.steady_return.qty_per_trade"": ""1"",
    ""ag.Future"": ""ag1812"",
    ""ag.enable"": ""1"",
    ""ag.tq.steady_return.max_close"": ""1"",
    ""ag.tq.steady_return.qty_per_trade"": ""1"",
    ""al.Future"": ""al1809"",
    ""al.enable"": ""1"",
    ""al.tq.steady_return.max_close"": ""1"",
    ""al.tq.steady_return.qty_per_trade"": ""1"",
    ""au.Future"": ""au1812"",
    ""au.enable"": ""1"",
    ""au.tq.steady_return.max_close"": ""1"",
    ""au.tq.steady_return.qty_per_trade"": ""1"",
    ""bu.Future"": ""bu1812"",
    ""bu.enable"": ""1"",
    ""bu.tq.steady_return.max_close"": ""1"",
    ""bu.tq.steady_return.qty_per_trade"": ""1"",
    ""c.Future"": ""c1901"",
    ""c.enable"": ""1"",
    ""c.tq.steady_return.max_close"": ""1"",
    ""c.tq.steady_return.qty_per_trade"": ""1"",
    ""cs.Future"": ""cs1809"",
    ""cs.enable"": ""1"",
    ""cs.tq.steady_return.max_close"": ""1"",
    ""cs.tq.steady_return.qty_per_trade"": ""1"",
    ""cu.Future"": ""cu1809"",
    ""cu.enable"": ""1"",
    ""cu.tq.steady_return.max_close"": ""1"",
    ""cu.tq.steady_return.qty_per_trade"": ""1"",
    ""hc.Future"": ""hc1810"",
    ""hc.enable"": ""1"",
    ""hc.tq.steady_return.max_close"": ""1"",
    ""hc.tq.steady_return.qty_per_trade"": ""1"",
    ""i.Future"": ""i1809"",
    ""i.enable"": ""1"",
    ""i.tq.steady_return.max_close"": ""1"",
    ""i.tq.steady_return.qty_per_trade"": ""1"",
    ""j.Future"": ""j1809"",
    ""j.enable"": ""1"",
    ""j.tq.steady_return.max_close"": ""1"",
    ""j.tq.steady_return.qty_per_trade"": ""1"",
    ""jd.Future"": ""jd1809"",
    ""jd.enable"": ""1"",
    ""jd.tq.steady_return.max_close"": ""1"",
    ""jd.tq.steady_return.qty_per_trade"": ""1"",
    ""jm.Future"": ""jm1809"",
    ""jm.enable"": ""1"",
    ""jm.tq.steady_return.max_close"": ""1"",
    ""jm.tq.steady_return.qty_per_trade"": ""1"",
    ""l.Future"": ""l1809"",
    ""l.enable"": ""1"",
    ""l.tq.steady_return.max_close"": ""1"",
    ""l.tq.steady_return.qty_per_trade"": ""1"",
    ""m.Future"": ""m1901"",
    ""m.enable"": ""1"",
    ""m.tq.steady_return.max_close"": ""1"",
    ""m.tq.steady_return.qty_per_trade"": ""1"",
    ""ni.Future"": ""ni1809"",
    ""ni.enable"": ""1"",
    ""ni.tq.steady_return.max_close"": ""1"",
    ""ni.tq.steady_return.qty_per_trade"": ""1"",
    ""p.Future"": """",
    ""p.enable"": ""1"",
    ""p.tq.steady_return.max_close"": ""1"",
    ""p.tq.steady_return.qty_per_trade"": ""1"",
    ""pp.Future"": ""pp1809"",
    ""pp.enable"": ""1"",
    ""pp.tq.steady_return.max_close"": ""1"",
    ""pp.tq.steady_return.qty_per_trade"": ""1"",
    ""rb.Future"": ""rb1810"",
    ""rb.enable"": ""1"",
    ""rb.tq.steady_return.max_close"": ""1"",
    ""rb.tq.steady_return.qty_per_trade"": ""1"",
    ""ru.Future"": ""ru1809"",
    ""ru.enable"": ""1"",
    ""ru.tq.steady_return.max_close"": ""1"",
    ""ru.tq.steady_return.qty_per_trade"": ""1"",
    ""v.Future"": ""v1809"",
    ""v.enable"": ""1"",
    ""v.tq.steady_return.max_close"": ""1"",
    ""v.tq.steady_return.qty_per_trade"": ""1"",
    ""y.Future"": ""y1901"",
    ""y.enable"": ""1"",
    ""y.tq.steady_return.max_close"": ""1"",
    ""y.tq.steady_return.qty_per_trade"": ""1"",
    ""zn.Future"": ""zn1809"",
    ""zn.enable"": ""1"",
    ""zn.tq.steady_return.max_close"": ""1"",
    ""zn.tq.steady_return.qty_per_trade"": ""1""
}
"
